Workbook

Sheet Sheet1
A1: Urban Center | B1: Area square miles | C1: Population | D1: Employment % | E1: Households | F1: Median Household Income $ | G1: Housing Units | H1: Bachelors Degree % | I1: %w/o Health Ins | J1: Median Age | K1: 65 and Older % | L1: Veterans % | M1: %Poverty | N1: School Enrolled % | O1: %Vacancy | P1: %Homeowner | Q1: %Disabled | R1: Under 18 % | S1: Government Employed % | T1: Healthcare Employed % | U1: Retail Employed % | V1: Education Employed % | W1: Manufacturing Employed % | X1: Hospitality Employed % | Y1: Construction Employed % | Z1: Agriculture Employed %
A2: Canandaigua | B2: 4.6 | C2: 10576 | D2: 0.597 | E2: 5019 | F2: 63268 | G2: 5433 | H2: 0.391 | I2: 0.043 | J2: 41.4 | K2: 0.232 | L2: 0.079 | M2: 0.094 | N2: 0.626 | O2: 0.076 | P2: 0.485 | Q2: 0.201 | R2: 0.159 | S2: 0.051 | T2: 0.209 | U2: 0.122 | V2: 0.127 | W2: 0.086 | X2: 0.116 | Y2: 0.053 | Z2: 0.005
A3: Geneva | B3: 4.2 | C3: 12812 | D3: 0.577 | E3: 4878 | F3: 68242 | G3: 5463 | H3: 0.341 | I3: 0.04 | J3: 33.3 | K3: 0.147 | L3: 0.037 | M3: 0.183 | N3: 0.29 | O3: 0.102 | P3: 0.492 | Q3: 0.152 | R3: 0.167 | S3: 0.044 | T3: 0.152 | U3: 0.137 | V3: 0.224 | W3: 0.099 | X3: 0.128 | Y3: 0.021 | Z3: 0.023
A4: Dansville | B4: 2.6 | C4: 4433 | D4: 0.547 | E4: 2206 | F4: 57500 | G4: 2364 | H4: 0.191 | I4: 0.042 | J4: 44.7 | K4: 0.205 | L4: 0.071 | M4: 0.104 | N4: 0.929 | O4: 0.066 | P4: 0.768 | Q4: 0.193 | R4: 0.178 | S4: 0.058 | T4: 0.167 | U4: 0.094 | V4: 0.116 | W4: 0.113 | X4: 0.051 | Y4: 0.111 | Z4: 0.049
A5: Wayland | B5: 0 | C5: 1680 | D5: 0.598 | E5: 640 | F5: 78125 | G5: 754 | H5: 0.169 | I5: 0.08 | J5: 35.9 | K5: 0.118 | L5: 0.072 | M5: 0.157 | N5: 0.863 | O5: 0.151 | P5: 0.792 | Q5: 0.151 | R5: 0.335 | S5: 0.066 | T5: 0.148 | U5: 0.119 | V5: 0.106 | W5: 0.15 | X5: 0.051 | Y5: 0.087 | Z5: 0.034
A6: Geneseo | B6: 2.8 | C6: 7574 | D6: 0.451 | E6: 2022 | F6: 44830 | G6: 2266 | H6: 0.502 | I6: 0.03 | J6: 21.3 | K6: 0.103 | L6: 0.024 | M6: 0.339 | N6: 0.094 | O6: 0.107 | P6: 0.419 | Q6: 0.099 | R6: 0.096 | S6: 0.046 | T6: 0.088 | U6: 0.087 | V6: 0.252 | W6: 0.056 | X6: 0.198 | Y6: 0.001 | Z6: 0.001
A7: Batavia | B7: 5.2 | C7: 15600 | D7: 0.599 | E7: 7456 | F7: 57150 | G7: 7846 | H7: 0.219 | I7: 0.056 | J7: 43.2 | K7: 0.2 | L7: 0.085 | M7: 0.128 | N7: 0.828 | O7: 0.04 | P7: 0.545 | Q7: 0.187 | R7: 0.174 | S7: 0.057 | T7: 0.137 | U7: 0.106 | V7: 0.099 | W7: 0.149 | X7: 0.069 | Y7: 0.064 | Z7: 0.032
A8: Brockport | B8: 2.2 | C8: 7104 | D8: 0.6 | E8: 2228 | F8: 58237 | G8: 2454 | H8: 0.332 | I8: 0.049 | J8: 23.6 | K8: 0.104 | L8: 0.048 | M8: 0.176 | N8: 0.129 | O8: 0.09 | P8: 0.443 | Q8: 0.117 | R8: 0.087 | S8: 0.019 | T8: 0.108 | U8: 0.137 | V8: 0.285 | W8: 0.083 | X8: 0.121 | Y8: 0.026 | Z8: 0.003
A9: Rochester | B9: 35.8 | C9: 211328 | D9: 0.581 | E9: 96205 | F9: 46882 | G9: 108892 | H9: 0.315 | I9: 0.057 | J9: 34.9 | K9: 0.144 | L9: 0.038 | M9: 0.291 | N9: 0.524 | O9: 0.116 | P9: 0.389 | Q9: 0.189 | R9: 0.192 | S9: 0.028 | T9: 0.226 | U9: 0.117 | V9: 0.118 | W9: 0.098 | X9: 0.084 | Y9: 0.031 | Z9: 0.001
D12: eight city‑proper places (pop. 20k–125k) that lie within ~2¼ hours of Rochester, are more than 1.5 hours from Buffalo or Syracuse, and show recent stagnant or slightly negative population trends. Each entry lists city population (city proper), approx. drive time from Pittsburgh, drive time from Cleveland, and a one‑line growth rationale.

Sheet Sheet2
A1: {=Sheet1!A1:A1} -> Urban Center | B1: {=Sheet1!M1:M1} -> %Poverty | C1: {=Sheet1!Q1:Q1} -> %Disabled | D1: {=Sheet1!I1:I1} -> %w/o Health Ins | E1: {=Sheet1!P1:P1} -> %Homeowner | F1: V & E Score | H1: {=Sheet1!G1:G1} -> Housing Units | I1: {=Sheet1!E1:E1} -> Households | J1: {=Sheet1!P1:P1} -> %Homeowner | K1: {=Sheet1!O1:O1} -> %Vacancy | L1: HS Score | N1: {=Sheet1!J1:J1} -> Median Age | O1: {=Sheet1!R1:R1} -> Under 18 % | P1: {=Sheet1!K1:K1} -> 65 and Older % | Q1: {=Sheet1!L1:L1} -> Veterans % | R1: DR Score | T1: {=Sheet1!F1:F1} -> Median Household Income $ | U1: {=Sheet1!D1:D9} -> Employment % | V1: {=Sheet1!M1:M1} -> %Poverty | W1: Income | X1: Employment | Y1: Poverty | Z1: ES Score | AB1: {=Sheet1!H1:H1} -> Bachelors Degree % | AC1: {=Sheet1!N1:N1} -> School Enrolled % | AD1: {=Sheet1!I1:I1} -> %w/o Health Ins | AE1: HC&A Score | AF1: {=Sheet1!C1:C1} -> Population | AG1: {=Sheet1!D1:D1} -> Employment % | AH1: {=Sheet1!S1:S1} -> Government Employed % | AI1: {=Sheet1!T1:T1} -> Healthcare Employed % | AJ1: {=Sheet1!U1:U1} -> Retail Employed % | AK1: {=Sheet1!V1:V1} -> Education Employed % | AL1: {=Sheet1!W1:W1} -> Manufacturing Employed % | AM1: {=Sheet1!X1:X1} -> Hospitality Employed % | AN1: {=Sheet1!Y1:Y1} -> Construction Employed % | AO1: {=Sheet1!Z1:Z1} -> Agriculture Employed % | AP1: ED Score | AR1: Viability Raw Score | AS1: Potentiality Ranking
A2: {=Sheet1!A2:A9} -> Canandaigua | B2: {=Sheet1!M2:M9*100} -> 9.4 | C2: {=Sheet1!Q2:Q9*100} -> 20.1 | D2: {=Sheet1!I2:I9*100} -> 4.3 | E2: {=Sheet1!P2:P9*100} -> 48.5 | F2: =ROUND(((100-B2)*0.4+(100-C2)*0.3+(100-D2)*0.2+E2*0.1),0) -> 84 | H2: {=Sheet1!G2:G9} -> 5433 | I2: {=Sheet1!E2:E9} -> 5019 | J2: {=Sheet1!P2:P9*100} -> 48.5 | K2: {=Sheet1!O2:O9*100} -> 7.6 | L2: =( MIN(1,MAX(0,((H2/I2)-0.8)/(1.2-0.8)))*100*0.4 + J2*0.45 + K2*0.15) -> 51.213655 | N2: {=Sheet1!J2:J9} -> 41.4 | O2: {=Sheet1!R2:R9*100} -> 15.9 | P2: {=Sheet1!K2:K9*100} -> 23.2 | Q2: {=Sheet1!L2:L9*100} -> 7.9 | R2: =( MAX(0,100 - ABS(N2-35)/20*100) + MAX(0,100 - ABS(O2-P2)/50*100) + MIN(Q2/20*100,100) )/3 -> 64.3 | T2: {=Sheet1!F2:F9} -> 63268 | U2: 0.597 | V2: {=Sheet1!M2:M9} -> 0.094 | W2: =(_xlfn.RANK.EQ(T2,$T$2:$T$9,0)-1) / (COUNTA($T$2:$T$9)-1) * 100 -> 28.571429 | X2: =(_xlfn.RANK.EQ(U2,$U$2:$U$9,0)-1) / (COUNTA($U$2:$U$101)-1) * 100 -> 42.857143 | Y2: =(_xlfn.RANK.EQ(V2,$V$2:$V$9,1)-1) / (COUNTA($V$2:$V$9)-1) * 100 -> 0 | Z2: =(0.4*W2)+(0.4*X2)+(0.2*Y2) -> 28.571429 | AB2: {=Sheet1!H2:H9*100} -> 39.1 | AC2: {=Sheet1!N2:N9*100} -> 62.6 | AD2: {=Sheet1!I2:I9*100} -> 4.3 | AE2: =( (_xlfn.RANK.EQ(AB2,$AB$2:$AB$9,0)-1)/(COUNTA($AB$2:$AB$9)-1)*100+(_xlfn.RANK.EQ(AC2,$AC$2:$AC$9,0)-1)/(COUNTA($AC$2:$AC$9)-1)*100+(_xlfn.RANK.EQ(AD2,$AD$2:$AD$9,1)-1)/(COUNTA($AD$2:$AD$9)-1)*100) / 3 -> 33.333333 | AF2: {=Sheet1!C2:C9} -> 10576 | AG2: {=Sheet1!D2:D9} -> 0.597 | AH2: {=Sheet1!S2:S9} -> 0.051 | AI2: {=Sheet1!T2:T9} -> 0.209 | AJ2: {=Sheet1!U2:U9} -> 0.122 | AK2: {=Sheet1!V2:V9} -> 0.127 | AL2: {=Sheet1!W2:W9} -> 0.086 | AM2: {=Sheet1!X2:X9} -> 0.116 | AN2: {=Sheet1!Y2:Y9} -> 0.053 | AO2: {=Sheet1!Z2:Z9} -> 0.005 | AP2: {=_xlfn.LET( _xlpm.popRange,$AF$2:$AF$9, _xlpm.empRateRange,$AG$2:$AG$9, _xlpm.sectorRange,AH2:AO2, _xlpm.sectorPct, _xlpm.sectorRange/100, _xlpm.sectorSum, SUM(_xlpm.sectorPct), _xlpm.shares, IF(_xlpm.sectorSum>0, _xlpm.sectorPct/_xlpm.sectorSum, _xlpm.sectorPct), _xlpm.entropy, -SUM(IF(_xlpm.shares>0, _xlpm.shares * LN(_xlpm.shares), 0)), _xlpm.N, COLUMNS(_xlpm.sectorRange), _xlpm.entropy_norm, IF(_xlpm.N>1, _xlpm.entropy / LN(_xlpm.N), 0), _xlpm.empRate_cur, AG2/100, _xlpm.empRate_vec, _xlpm.empRateRange/100, _xlpm.empRate_norm, IF(MAX(_xlpm.empRate_vec)-MIN(_xlpm.empRate_vec)>0, (_xlpm.empRate_cur - MIN(_xlpm.empRate_vec)) / (MAX(_xlpm.empRate_vec)-MIN(_xlpm.empRate_vec)), 0), _xlpm.empPop_cur, AF2 * _xlpm.empRate_cur, _xlpm.empPop_vec, _xlpm.popRange * _xlpm.empRate_vec, _xlpm.lnEmp_vec, LN(_xlpm.empPop_vec + 1), _xlpm.lnEmp_cur, LN(_xlpm.empPop_cur + 1), _xlpm.empPop_norm, IF(MAX(_xlpm.lnEmp_vec)-MIN(_xlpm.lnEmp_vec)>0, (_xlpm.lnEmp_cur - MIN(_xlpm.lnEmp_vec)) / (MAX(_xlpm.lnEmp_vec)-MIN(_xlpm.lnEmp_vec)), 0), _xlpm.w_entropy, 0.6, _xlpm.w_empRate, 0.25, _xlpm.w_empPop, 0.15, _xlpm.score01, _xlpm.w_entropy * _xlpm.entropy_norm + _xlpm.w_empRate * _xlpm.empRate_norm + _xlpm.w_empPop * _xlpm.empPop_norm, ROUND(_xlpm.score01 * 100, 1))} -> 84.1 | AR2: =F2+L2+R2+Z2+AE2+AP2 -> 345.51842 | AS2: =_xlfn.RANK.EQ(AR2,$AR$2:$AR$9,1) -> 1
A3: Geneva | B3: 18.3 | C3: 15.2 | D3: 4 | E3: 49.2 | F3: =ROUND(((100-B3)*0.4+(100-C3)*0.3+(100-D3)*0.2+E3*0.1),0) -> 82 | H3: 5463 | I3: 4878 | J3: 49.2 | K3: 10.2 | L3: =( MIN(1,MAX(0,((H3/I3)-0.8)/(1.2-0.8)))*100*0.4 + J3*0.45 + K3*0.15) -> 55.66262 | N3: 33.3 | O3: 16.7 | P3: 14.7 | Q3: 3.7 | R3: =( MAX(0,100 - ABS(N3-35)/20*100) + MAX(0,100 - ABS(O3-P3)/50*100) + MIN(Q3/20*100,100) )/3 -> 68.666667 | T3: 68242 | U3: 0.577 | V3: 0.183 | W3: =(_xlfn.RANK.EQ(T3,$T$2:$T$9,0)-1) / (COUNTA($T$2:$T$9)-1) * 100 -> 14.285714 | X3: =(_xlfn.RANK.EQ(U3,$U$2:$U$9,0)-1) / (COUNTA($U$2:$U$101)-1) * 100 -> 71.428571 | Y3: =(_xlfn.RANK.EQ(V3,$V$2:$V$9,1)-1) / (COUNTA($V$2:$V$9)-1) * 100 -> 71.428571 | Z3: =(0.4*W3)+(0.4*X3)+(0.2*Y3) -> 48.571429 | AB3: 34.1 | AC3: 29 | AD3: 4 | AE3: =( (_xlfn.RANK.EQ(AB3,$AB$2:$AB$9,0)-1)/(COUNTA($AB$2:$AB$9)-1)*100+(_xlfn.RANK.EQ(AC3,$AC$2:$AC$9,0)-1)/(COUNTA($AC$2:$AC$9)-1)*100+(_xlfn.RANK.EQ(AD3,$AD$2:$AD$9,1)-1)/(COUNTA($AD$2:$AD$9)-1)*100) / 3 -> 38.095238 | AF3: 12812 | AG3: 0.577 | AH3: 0.044 | AI3: 0.152 | AJ3: 0.137 | AK3: 0.224 | AL3: 0.099 | AM3: 0.128 | AN3: 0.021 | AO3: 0.023 | AP3: {=_xlfn.LET( _xlpm.popRange,$AF$2:$AF$9, _xlpm.empRateRange,$AG$2:$AG$9, _xlpm.sectorRange,AH3:AO3, _xlpm.sectorPct, _xlpm.sectorRange/100, _xlpm.sectorSum, SUM(_xlpm.sectorPct), _xlpm.shares, IF(_xlpm.sectorSum>0, _xlpm.sectorPct/_xlpm.sectorSum, _xlpm.sectorPct), _xlpm.entropy, -SUM(IF(_xlpm.shares>0, _xlpm.shares * LN(_xlpm.shares), 0)), _xlpm.N, COLUMNS(_xlpm.sectorRange), _xlpm.entropy_norm, IF(_xlpm.N>1, _xlpm.entropy / LN(_xlpm.N), 0), _xlpm.empRate_cur, AG3/100, _xlpm.empRate_vec, _xlpm.empRateRange/100, _xlpm.empRate_norm, IF(MAX(_xlpm.empRate_vec)-MIN(_xlpm.empRate_vec)>0, (_xlpm.empRate_cur - MIN(_xlpm.empRate_vec)) / (MAX(_xlpm.empRate_vec)-MIN(_xlpm.empRate_vec)), 0), _xlpm.empPop_cur, AF3 * _xlpm.empRate_cur, _xlpm.empPop_vec, _xlpm.popRange * _xlpm.empRate_vec, _xlpm.lnEmp_vec, LN(_xlpm.empPop_vec + 1), _xlpm.lnEmp_cur, LN(_xlpm.empPop_cur + 1), _xlpm.empPop_norm, IF(MAX(_xlpm.lnEmp_vec)-MIN(_xlpm.lnEmp_vec)>0, (_xlpm.lnEmp_cur - MIN(_xlpm.lnEmp_vec)) / (MAX(_xlpm.lnEmp_vec)-MIN(_xlpm.lnEmp_vec)), 0), _xlpm.w_entropy, 0.6, _xlpm.w_empRate, 0.25, _xlpm.w_empPop, 0.15, _xlpm.score01, _xlpm.w_entropy * _xlpm.entropy_norm + _xlpm.w_empRate * _xlpm.empRate_norm + _xlpm.w_empPop * _xlpm.empPop_norm, ROUND(_xlpm.score01 * 100, 1))} -> 80.7 | AR3: =F3+L3+R3+Z3+AE3+AP3 -> 373.69595 | AS3: =_xlfn.RANK.EQ(AR3,$AR$2:$AR$9,1) -> 4
A4: Dansville | B4: 10.4 | C4: 19.3 | D4: 4.2 | E4: 76.8 | F4: =ROUND(((100-B4)*0.4+(100-C4)*0.3+(100-D4)*0.2+E4*0.1),0) -> 87 | H4: 2364 | I4: 2206 | J4: 76.8 | K4: 6.6 | L4: =( MIN(1,MAX(0,((H4/I4)-0.8)/(1.2-0.8)))*100*0.4 + J4*0.45 + K4*0.15) -> 62.712285 | N4: 44.7 | O4: 17.8 | P4: 20.5 | Q4: 7.1 | R4: =( MAX(0,100 - ABS(N4-35)/20*100) + MAX(0,100 - ABS(O4-P4)/50*100) + MIN(Q4/20*100,100) )/3 -> 60.533333 | T4: 57500 | U4: 0.547 | V4: 0.104 | W4: =(_xlfn.RANK.EQ(T4,$T$2:$T$9,0)-1) / (COUNTA($T$2:$T$9)-1) * 100 -> 57.142857 | X4: =(_xlfn.RANK.EQ(U4,$U$2:$U$9,0)-1) / (COUNTA($U$2:$U$101)-1) * 100 -> 85.714286 | Y4: =(_xlfn.RANK.EQ(V4,$V$2:$V$9,1)-1) / (COUNTA($V$2:$V$9)-1) * 100 -> 14.285714 | Z4: =(0.4*W4)+(0.4*X4)+(0.2*Y4) -> 60 | AB4: 19.1 | AC4: 92.9 | AD4: 4.2 | AE4: =( (_xlfn.RANK.EQ(AB4,$AB$2:$AB$9,0)-1)/(COUNTA($AB$2:$AB$9)-1)*100+(_xlfn.RANK.EQ(AC4,$AC$2:$AC$9,0)-1)/(COUNTA($AC$2:$AC$9)-1)*100+(_xlfn.RANK.EQ(AD4,$AD$2:$AD$9,1)-1)/(COUNTA($AD$2:$AD$9)-1)*100) / 3 -> 38.095238 | AF4: 4433 | AG4: 0.547 | AH4: 0.058 | AI4: 0.167 | AJ4: 0.094 | AK4: 0.116 | AL4: 0.113 | AM4: 0.051 | AN4: 0.111 | AO4: 0.049 | AP4: {=_xlfn.LET( _xlpm.popRange,$AF$2:$AF$9, _xlpm.empRateRange,$AG$2:$AG$9, _xlpm.sectorRange,AH4:AO4, _xlpm.sectorPct, _xlpm.sectorRange/100, _xlpm.sectorSum, SUM(_xlpm.sectorPct), _xlpm.shares, IF(_xlpm.sectorSum>0, _xlpm.sectorPct/_xlpm.sectorSum, _xlpm.sectorPct), _xlpm.entropy, -SUM(IF(_xlpm.shares>0, _xlpm.shares * LN(_xlpm.shares), 0)), _xlpm.N, COLUMNS(_xlpm.sectorRange), _xlpm.entropy_norm, IF(_xlpm.N>1, _xlpm.entropy / LN(_xlpm.N), 0), _xlpm.empRate_cur, AG4/100, _xlpm.empRate_vec, _xlpm.empRateRange/100, _xlpm.empRate_norm, IF(MAX(_xlpm.empRate_vec)-MIN(_xlpm.empRate_vec)>0, (_xlpm.empRate_cur - MIN(_xlpm.empRate_vec)) / (MAX(_xlpm.empRate_vec)-MIN(_xlpm.empRate_vec)), 0), _xlpm.empPop_cur, AF4 * _xlpm.empRate_cur, _xlpm.empPop_vec, _xlpm.popRange * _xlpm.empRate_vec, _xlpm.lnEmp_vec, LN(_xlpm.empPop_vec + 1), _xlpm.lnEmp_cur, LN(_xlpm.empPop_cur + 1), _xlpm.empPop_norm, IF(MAX(_xlpm.lnEmp_vec)-MIN(_xlpm.lnEmp_vec)>0, (_xlpm.lnEmp_cur - MIN(_xlpm.lnEmp_vec)) / (MAX(_xlpm.lnEmp_vec)-MIN(_xlpm.lnEmp_vec)), 0), _xlpm.w_entropy, 0.6, _xlpm.w_empRate, 0.25, _xlpm.w_empPop, 0.15, _xlpm.score01, _xlpm.w_entropy * _xlpm.entropy_norm + _xlpm.w_empRate * _xlpm.empRate_norm + _xlpm.w_empPop * _xlpm.empPop_norm, ROUND(_xlpm.score01 * 100, 1))} -> 76.4 | AR4: =F4+L4+R4+Z4+AE4+AP4 -> 384.74086 | AS4: =_xlfn.RANK.EQ(AR4,$AR$2:$AR$9,1) -> 5
A5: Wayland | B5: 15.7 | C5: 15.1 | D5: 8 | E5: 79.2 | F5: =ROUND(((100-B5)*0.4+(100-C5)*0.3+(100-D5)*0.2+E5*0.1),0) -> 86 | H5: 754 | I5: 640 | J5: 79.2 | K5: 15.1 | L5: =( MIN(1,MAX(0,((H5/I5)-0.8)/(1.2-0.8)))*100*0.4 + J5*0.45 + K5*0.15) -> 75.7175 | N5: 35.9 | O5: 33.5 | P5: 11.8 | Q5: 7.2 | R5: =( MAX(0,100 - ABS(N5-35)/20*100) + MAX(0,100 - ABS(O5-P5)/50*100) + MIN(Q5/20*100,100) )/3 -> 62.7 | T5: 78125 | U5: 0.598 | V5: 0.157 | W5: =(_xlfn.RANK.EQ(T5,$T$2:$T$9,0)-1) / (COUNTA($T$2:$T$9)-1) * 100 -> 0 | X5: =(_xlfn.RANK.EQ(U5,$U$2:$U$9,0)-1) / (COUNTA($U$2:$U$101)-1) * 100 -> 28.571429 | Y5: =(_xlfn.RANK.EQ(V5,$V$2:$V$9,1)-1) / (COUNTA($V$2:$V$9)-1) * 100 -> 42.857143 | Z5: =(0.4*W5)+(0.4*X5)+(0.2*Y5) -> 20 | AB5: 16.9 | AC5: 86.3 | AD5: 8 | AE5: =( (_xlfn.RANK.EQ(AB5,$AB$2:$AB$9,0)-1)/(COUNTA($AB$2:$AB$9)-1)*100+(_xlfn.RANK.EQ(AC5,$AC$2:$AC$9,0)-1)/(COUNTA($AC$2:$AC$9)-1)*100+(_xlfn.RANK.EQ(AD5,$AD$2:$AD$9,1)-1)/(COUNTA($AD$2:$AD$9)-1)*100) / 3 -> 71.428571 | AF5: 1680 | AG5: 0.598 | AH5: 0.066 | AI5: 0.148 | AJ5: 0.119 | AK5: 0.106 | AL5: 0.15 | AM5: 0.051 | AN5: 0.087 | AO5: 0.034 | AP5: {=_xlfn.LET( _xlpm.popRange,$AF$2:$AF$9, _xlpm.empRateRange,$AG$2:$AG$9, _xlpm.sectorRange,AH5:AO5, _xlpm.sectorPct, _xlpm.sectorRange/100, _xlpm.sectorSum, SUM(_xlpm.sectorPct), _xlpm.shares, IF(_xlpm.sectorSum>0, _xlpm.sectorPct/_xlpm.sectorSum, _xlpm.sectorPct), _xlpm.entropy, -SUM(IF(_xlpm.shares>0, _xlpm.shares * LN(_xlpm.shares), 0)), _xlpm.N, COLUMNS(_xlpm.sectorRange), _xlpm.entropy_norm, IF(_xlpm.N>1, _xlpm.entropy / LN(_xlpm.N), 0), _xlpm.empRate_cur, AG5/100, _xlpm.empRate_vec, _xlpm.empRateRange/100, _xlpm.empRate_norm, IF(MAX(_xlpm.empRate_vec)-MIN(_xlpm.empRate_vec)>0, (_xlpm.empRate_cur - MIN(_xlpm.empRate_vec)) / (MAX(_xlpm.empRate_vec)-MIN(_xlpm.empRate_vec)), 0), _xlpm.empPop_cur, AF5 * _xlpm.empRate_cur, _xlpm.empPop_vec, _xlpm.popRange * _xlpm.empRate_vec, _xlpm.lnEmp_vec, LN(_xlpm.empPop_vec + 1), _xlpm.lnEmp_cur, LN(_xlpm.empPop_cur + 1), _xlpm.empPop_norm, IF(MAX(_xlpm.lnEmp_vec)-MIN(_xlpm.lnEmp_vec)>0, (_xlpm.lnEmp_cur - MIN(_xlpm.lnEmp_vec)) / (MAX(_xlpm.lnEmp_vec)-MIN(_xlpm.lnEmp_vec)), 0), _xlpm.w_entropy, 0.6, _xlpm.w_empRate, 0.25, _xlpm.w_empPop, 0.15, _xlpm.score01, _xlpm.w_entropy * _xlpm.entropy_norm + _xlpm.w_empRate * _xlpm.empRate_norm + _xlpm.w_empPop * _xlpm.empPop_norm, ROUND(_xlpm.score01 * 100, 1))} -> 81.9 | AR5: =F5+L5+R5+Z5+AE5+AP5 -> 397.74607 | AS5: =_xlfn.RANK.EQ(AR5,$AR$2:$AR$9,1) -> 7
A6: Geneseo | B6: 33.9 | C6: 9.9 | D6: 3 | E6: 41.9 | F6: =ROUND(((100-B6)*0.4+(100-C6)*0.3+(100-D6)*0.2+E6*0.1),0) -> 77 | H6: 2266 | I6: 2022 | J6: 41.9 | K6: 10.7 | L6: =( MIN(1,MAX(0,((H6/I6)-0.8)/(1.2-0.8)))*100*0.4 + J6*0.45 + K6*0.15) -> 52.52726 | N6: 21.3 | O6: 9.6 | P6: 10.3 | Q6: 2.4 | R6: =( MAX(0,100 - ABS(N6-35)/20*100) + MAX(0,100 - ABS(O6-P6)/50*100) + MIN(Q6/20*100,100) )/3 -> 47.366667 | T6: 44830 | U6: 0.451 | V6: 0.339 | W6: =(_xlfn.RANK.EQ(T6,$T$2:$T$9,0)-1) / (COUNTA($T$2:$T$9)-1) * 100 -> 100 | X6: =(_xlfn.RANK.EQ(U6,$U$2:$U$9,0)-1) / (COUNTA($U$2:$U$101)-1) * 100 -> 100 | Y6: =(_xlfn.RANK.EQ(V6,$V$2:$V$9,1)-1) / (COUNTA($V$2:$V$9)-1) * 100 -> 100 | Z6: =(0.4*W6)+(0.4*X6)+(0.2*Y6) -> 100 | AB6: 50.2 | AC6: 9.4 | AD6: 3 | AE6: =( (_xlfn.RANK.EQ(AB6,$AB$2:$AB$9,0)-1)/(COUNTA($AB$2:$AB$9)-1)*100+(_xlfn.RANK.EQ(AC6,$AC$2:$AC$9,0)-1)/(COUNTA($AC$2:$AC$9)-1)*100+(_xlfn.RANK.EQ(AD6,$AD$2:$AD$9,1)-1)/(COUNTA($AD$2:$AD$9)-1)*100) / 3 -> 33.333333 | AF6: 7574 | AG6: 0.451 | AH6: 0.046 | AI6: 0.088 | AJ6: 0.087 | AK6: 0.252 | AL6: 0.056 | AM6: 0.198 | AN6: 0.001 | AO6: 0.001 | AP6: {=_xlfn.LET( _xlpm.popRange,$AF$2:$AF$9, _xlpm.empRateRange,$AG$2:$AG$9, _xlpm.sectorRange,AH6:AO6, _xlpm.sectorPct, _xlpm.sectorRange/100, _xlpm.sectorSum, SUM(_xlpm.sectorPct), _xlpm.shares, IF(_xlpm.sectorSum>0, _xlpm.sectorPct/_xlpm.sectorSum, _xlpm.sectorPct), _xlpm.entropy, -SUM(IF(_xlpm.shares>0, _xlpm.shares * LN(_xlpm.shares), 0)), _xlpm.N, COLUMNS(_xlpm.sectorRange), _xlpm.entropy_norm, IF(_xlpm.N>1, _xlpm.entropy / LN(_xlpm.N), 0), _xlpm.empRate_cur, AG6/100, _xlpm.empRate_vec, _xlpm.empRateRange/100, _xlpm.empRate_norm, IF(MAX(_xlpm.empRate_vec)-MIN(_xlpm.empRate_vec)>0, (_xlpm.empRate_cur - MIN(_xlpm.empRate_vec)) / (MAX(_xlpm.empRate_vec)-MIN(_xlpm.empRate_vec)), 0), _xlpm.empPop_cur, AF6 * _xlpm.empRate_cur, _xlpm.empPop_vec, _xlpm.popRange * _xlpm.empRate_vec, _xlpm.lnEmp_vec, LN(_xlpm.empPop_vec + 1), _xlpm.lnEmp_cur, LN(_xlpm.empPop_cur + 1), _xlpm.empPop_norm, IF(MAX(_xlpm.lnEmp_vec)-MIN(_xlpm.lnEmp_vec)>0, (_xlpm.lnEmp_cur - MIN(_xlpm.lnEmp_vec)) / (MAX(_xlpm.lnEmp_vec)-MIN(_xlpm.lnEmp_vec)), 0), _xlpm.w_entropy, 0.6, _xlpm.w_empRate, 0.25, _xlpm.w_empPop, 0.15, _xlpm.score01, _xlpm.w_entropy * _xlpm.entropy_norm + _xlpm.w_empRate * _xlpm.empRate_norm + _xlpm.w_empPop * _xlpm.empPop_norm, ROUND(_xlpm.score01 * 100, 1))} -> 50.4 | AR6: =F6+L6+R6+Z6+AE6+AP6 -> 360.62726 | AS6: =_xlfn.RANK.EQ(AR6,$AR$2:$AR$9,1) -> 3
A7: Batavia | B7: 12.8 | C7: 18.7 | D7: 5.6 | E7: 54.5 | F7: =ROUND(((100-B7)*0.4+(100-C7)*0.3+(100-D7)*0.2+E7*0.1),0) -> 84 | H7: 7846 | I7: 7456 | J7: 54.5 | K7: 4 | L7: =( MIN(1,MAX(0,((H7/I7)-0.8)/(1.2-0.8)))*100*0.4 + J7*0.45 + K7*0.15) -> 50.355687 | N7: 43.2 | O7: 17.4 | P7: 20 | Q7: 8.5 | R7: =( MAX(0,100 - ABS(N7-35)/20*100) + MAX(0,100 - ABS(O7-P7)/50*100) + MIN(Q7/20*100,100) )/3 -> 65.433333 | T7: 57150 | U7: 0.599 | V7: 0.128 | W7: =(_xlfn.RANK.EQ(T7,$T$2:$T$9,0)-1) / (COUNTA($T$2:$T$9)-1) * 100 -> 71.428571 | X7: =(_xlfn.RANK.EQ(U7,$U$2:$U$9,0)-1) / (COUNTA($U$2:$U$101)-1) * 100 -> 14.285714 | Y7: =(_xlfn.RANK.EQ(V7,$V$2:$V$9,1)-1) / (COUNTA($V$2:$V$9)-1) * 100 -> 28.571429 | Z7: =(0.4*W7)+(0.4*X7)+(0.2*Y7) -> 40 | AB7: 21.9 | AC7: 82.8 | AD7: 5.6 | AE7: =( (_xlfn.RANK.EQ(AB7,$AB$2:$AB$9,0)-1)/(COUNTA($AB$2:$AB$9)-1)*100+(_xlfn.RANK.EQ(AC7,$AC$2:$AC$9,0)-1)/(COUNTA($AC$2:$AC$9)-1)*100+(_xlfn.RANK.EQ(AD7,$AD$2:$AD$9,1)-1)/(COUNTA($AD$2:$AD$9)-1)*100) / 3 -> 57.142857 | AF7: 15600 | AG7: 0.599 | AH7: 0.057 | AI7: 0.137 | AJ7: 0.106 | AK7: 0.099 | AL7: 0.149 | AM7: 0.069 | AN7: 0.064 | AO7: 0.032 | AP7: {=_xlfn.LET( _xlpm.popRange,$AF$2:$AF$9, _xlpm.empRateRange,$AG$2:$AG$9, _xlpm.sectorRange,AH7:AO7, _xlpm.sectorPct, _xlpm.sectorRange/100, _xlpm.sectorSum, SUM(_xlpm.sectorPct), _xlpm.shares, IF(_xlpm.sectorSum>0, _xlpm.sectorPct/_xlpm.sectorSum, _xlpm.sectorPct), _xlpm.entropy, -SUM(IF(_xlpm.shares>0, _xlpm.shares * LN(_xlpm.shares), 0)), _xlpm.N, COLUMNS(_xlpm.sectorRange), _xlpm.entropy_norm, IF(_xlpm.N>1, _xlpm.entropy / LN(_xlpm.N), 0), _xlpm.empRate_cur, AG7/100, _xlpm.empRate_vec, _xlpm.empRateRange/100, _xlpm.empRate_norm, IF(MAX(_xlpm.empRate_vec)-MIN(_xlpm.empRate_vec)>0, (_xlpm.empRate_cur - MIN(_xlpm.empRate_vec)) / (MAX(_xlpm.empRate_vec)-MIN(_xlpm.empRate_vec)), 0), _xlpm.empPop_cur, AF7 * _xlpm.empRate_cur, _xlpm.empPop_vec, _xlpm.popRange * _xlpm.empRate_vec, _xlpm.lnEmp_vec, LN(_xlpm.empPop_vec + 1), _xlpm.lnEmp_cur, LN(_xlpm.empPop_cur + 1), _xlpm.empPop_norm, IF(MAX(_xlpm.lnEmp_vec)-MIN(_xlpm.lnEmp_vec)>0, (_xlpm.lnEmp_cur - MIN(_xlpm.lnEmp_vec)) / (MAX(_xlpm.lnEmp_vec)-MIN(_xlpm.lnEmp_vec)), 0), _xlpm.w_entropy, 0.6, _xlpm.w_empRate, 0.25, _xlpm.w_empPop, 0.15, _xlpm.score01, _xlpm.w_entropy * _xlpm.entropy_norm + _xlpm.w_empRate * _xlpm.empRate_norm + _xlpm.w_empPop * _xlpm.empPop_norm, ROUND(_xlpm.score01 * 100, 1))} -> 88.9 | AR7: =F7+L7+R7+Z7+AE7+AP7 -> 385.83188 | AS7: =_xlfn.RANK.EQ(AR7,$AR$2:$AR$9,1) -> 6
A8: Brockport | B8: 17.6 | C8: 11.7 | D8: 4.9 | E8: 44.3 | F8: =ROUND(((100-B8)*0.4+(100-C8)*0.3+(100-D8)*0.2+E8*0.1),0) -> 83 | H8: 2454 | I8: 2228 | J8: 44.3 | K8: 9 | L8: =( MIN(1,MAX(0,((H8/I8)-0.8)/(1.2-0.8)))*100*0.4 + J8*0.45 + K8*0.15) -> 51.428627 | N8: 23.6 | O8: 8.7 | P8: 10.4 | Q8: 4.8 | R8: =( MAX(0,100 - ABS(N8-35)/20*100) + MAX(0,100 - ABS(O8-P8)/50*100) + MIN(Q8/20*100,100) )/3 -> 54.533333 | T8: 58237 | U8: 0.6 | V8: 0.176 | W8: =(_xlfn.RANK.EQ(T8,$T$2:$T$9,0)-1) / (COUNTA($T$2:$T$9)-1) * 100 -> 42.857143 | X8: =(_xlfn.RANK.EQ(U8,$U$2:$U$9,0)-1) / (COUNTA($U$2:$U$101)-1) * 100 -> 0 | Y8: =(_xlfn.RANK.EQ(V8,$V$2:$V$9,1)-1) / (COUNTA($V$2:$V$9)-1) * 100 -> 57.142857 | Z8: =(0.4*W8)+(0.4*X8)+(0.2*Y8) -> 28.571429 | AB8: 33.2 | AC8: 12.9 | AD8: 4.9 | AE8: =( (_xlfn.RANK.EQ(AB8,$AB$2:$AB$9,0)-1)/(COUNTA($AB$2:$AB$9)-1)*100+(_xlfn.RANK.EQ(AC8,$AC$2:$AC$9,0)-1)/(COUNTA($AC$2:$AC$9)-1)*100+(_xlfn.RANK.EQ(AD8,$AD$2:$AD$9,1)-1)/(COUNTA($AD$2:$AD$9)-1)*100) / 3 -> 61.904762 | AF8: 7104 | AG8: 0.6 | AH8: 0.019 | AI8: 0.108 | AJ8: 0.137 | AK8: 0.285 | AL8: 0.083 | AM8: 0.121 | AN8: 0.026 | AO8: 0.003 | AP8: {=_xlfn.LET( _xlpm.popRange,$AF$2:$AF$9, _xlpm.empRateRange,$AG$2:$AG$9, _xlpm.sectorRange,AH8:AO8, _xlpm.sectorPct, _xlpm.sectorRange/100, _xlpm.sectorSum, SUM(_xlpm.sectorPct), _xlpm.shares, IF(_xlpm.sectorSum>0, _xlpm.sectorPct/_xlpm.sectorSum, _xlpm.sectorPct), _xlpm.entropy, -SUM(IF(_xlpm.shares>0, _xlpm.shares * LN(_xlpm.shares), 0)), _xlpm.N, COLUMNS(_xlpm.sectorRange), _xlpm.entropy_norm, IF(_xlpm.N>1, _xlpm.entropy / LN(_xlpm.N), 0), _xlpm.empRate_cur, AG8/100, _xlpm.empRate_vec, _xlpm.empRateRange/100, _xlpm.empRate_norm, IF(MAX(_xlpm.empRate_vec)-MIN(_xlpm.empRate_vec)>0, (_xlpm.empRate_cur - MIN(_xlpm.empRate_vec)) / (MAX(_xlpm.empRate_vec)-MIN(_xlpm.empRate_vec)), 0), _xlpm.empPop_cur, AF8 * _xlpm.empRate_cur, _xlpm.empPop_vec, _xlpm.popRange * _xlpm.empRate_vec, _xlpm.lnEmp_vec, LN(_xlpm.empPop_vec + 1), _xlpm.lnEmp_cur, LN(_xlpm.empPop_cur + 1), _xlpm.empPop_norm, IF(MAX(_xlpm.lnEmp_vec)-MIN(_xlpm.lnEmp_vec)>0, (_xlpm.lnEmp_cur - MIN(_xlpm.lnEmp_vec)) / (MAX(_xlpm.lnEmp_vec)-MIN(_xlpm.lnEmp_vec)), 0), _xlpm.w_entropy, 0.6, _xlpm.w_empRate, 0.25, _xlpm.w_empPop, 0.15, _xlpm.score01, _xlpm.w_entropy * _xlpm.entropy_norm + _xlpm.w_empRate * _xlpm.empRate_norm + _xlpm.w_empPop * _xlpm.empPop_norm, ROUND(_xlpm.score01 * 100, 1))} -> 78.4 | AR8: =F8+L8+R8+Z8+AE8+AP8 -> 357.83815 | AS8: =_xlfn.RANK.EQ(AR8,$AR$2:$AR$9,1) -> 2
A9: Rochester | B9: 29.1 | C9: 18.9 | D9: 5.7 | E9: 38.9 | F9: =ROUND(((100-B9)*0.4+(100-C9)*0.3+(100-D9)*0.2+E9*0.1),0) -> 75 | H9: 108892 | I9: 96205 | J9: 38.9 | K9: 11.6 | L9: =( MIN(1,MAX(0,((H9/I9)-0.8)/(1.2-0.8)))*100*0.4 + J9*0.45 + K9*0.15) -> 52.432464 | N9: 34.9 | O9: 19.2 | P9: 14.4 | Q9: 3.8 | R9: =( MAX(0,100 - ABS(N9-35)/20*100) + MAX(0,100 - ABS(O9-P9)/50*100) + MIN(Q9/20*100,100) )/3 -> 69.633333 | T9: 46882 | U9: 0.581 | V9: 0.291 | W9: =(_xlfn.RANK.EQ(T9,$T$2:$T$9,0)-1) / (COUNTA($T$2:$T$9)-1) * 100 -> 85.714286 | X9: =(_xlfn.RANK.EQ(U9,$U$2:$U$9,0)-1) / (COUNTA($U$2:$U$101)-1) * 100 -> 57.142857 | Y9: =(_xlfn.RANK.EQ(V9,$V$2:$V$9,1)-1) / (COUNTA($V$2:$V$9)-1) * 100 -> 85.714286 | Z9: =(0.4*W9)+(0.4*X9)+(0.2*Y9) -> 74.285714 | AB9: 31.5 | AC9: 52.4 | AD9: 5.7 | AE9: =( (_xlfn.RANK.EQ(AB9,$AB$2:$AB$9,0)-1)/(COUNTA($AB$2:$AB$9)-1)*100+(_xlfn.RANK.EQ(AC9,$AC$2:$AC$9,0)-1)/(COUNTA($AC$2:$AC$9)-1)*100+(_xlfn.RANK.EQ(AD9,$AD$2:$AD$9,1)-1)/(COUNTA($AD$2:$AD$9)-1)*100) / 3 -> 66.666667 | AF9: 211328 | AG9: 0.581 | AH9: 0.028 | AI9: 0.226 | AJ9: 0.117 | AK9: 0.118 | AL9: 0.098 | AM9: 0.084 | AN9: 0.031 | AO9: 0.001 | AP9: {=_xlfn.LET( _xlpm.popRange,$AF$2:$AF$9, _xlpm.empRateRange,$AG$2:$AG$9, _xlpm.sectorRange,AH9:AO9, _xlpm.sectorPct, _xlpm.sectorRange/100, _xlpm.sectorSum, SUM(_xlpm.sectorPct), _xlpm.shares, IF(_xlpm.sectorSum>0, _xlpm.sectorPct/_xlpm.sectorSum, _xlpm.sectorPct), _xlpm.entropy, -SUM(IF(_xlpm.shares>0, _xlpm.shares * LN(_xlpm.shares), 0)), _xlpm.N, COLUMNS(_xlpm.sectorRange), _xlpm.entropy_norm, IF(_xlpm.N>1, _xlpm.entropy / LN(_xlpm.N), 0), _xlpm.empRate_cur, AG9/100, _xlpm.empRate_vec, _xlpm.empRateRange/100, _xlpm.empRate_norm, IF(MAX(_xlpm.empRate_vec)-MIN(_xlpm.empRate_vec)>0, (_xlpm.empRate_cur - MIN(_xlpm.empRate_vec)) / (MAX(_xlpm.empRate_vec)-MIN(_xlpm.empRate_vec)), 0), _xlpm.empPop_cur, AF9 * _xlpm.empRate_cur, _xlpm.empPop_vec, _xlpm.popRange * _xlpm.empRate_vec, _xlpm.lnEmp_vec, LN(_xlpm.empPop_vec + 1), _xlpm.lnEmp_cur, LN(_xlpm.empPop_cur + 1), _xlpm.empPop_norm, IF(MAX(_xlpm.lnEmp_vec)-MIN(_xlpm.lnEmp_vec)>0, (_xlpm.lnEmp_cur - MIN(_xlpm.lnEmp_vec)) / (MAX(_xlpm.lnEmp_vec)-MIN(_xlpm.lnEmp_vec)), 0), _xlpm.w_entropy, 0.6, _xlpm.w_empRate, 0.25, _xlpm.w_empPop, 0.15, _xlpm.score01, _xlpm.w_entropy * _xlpm.entropy_norm + _xlpm.w_empRate * _xlpm.empRate_norm + _xlpm.w_empPop * _xlpm.empPop_norm, ROUND(_xlpm.score01 * 100, 1))} -> 87.8 | AR9: =F9+L9+R9+Z9+AE9+AP9 -> 425.81818 | AS9: =_xlfn.RANK.EQ(AR9,$AR$2:$AR$9,1) -> 8

Sheet Sheet3
A1: {=Sheet2!A1:A9} -> Urban Center | B1: {=Sheet2!AS1:AS9} -> Potentiality Ranking
A2: Canandaigua | B2: 1
A3: Geneva | B3: 4
A4: Dansville | B4: 5
A5: Wayland | B5: 7
A6: Geneseo | B6: 3
A7: Batavia | B7: 6
A8: Brockport | B8: 2
A9: Rochester | B9: 8

Sheet Sheet4
A1: {=_xlfn.ANCHORARRAY(Sheet3!A1)} -> Urban Center | B1: =Sheet2!AR1 -> Viability Raw Score | C1: =Sheet3!B1 -> Potentiality Ranking
A2: Canandaigua | B2: {=Sheet2!AR2:AR9-300} -> 45.518417 | C2: {=Sheet3!B2:B9-1} -> 0
A3: Geneva | B3: 73.695953 | C3: 3
A4: Dansville | B4: 84.740856 | C4: 4
A5: Wayland | B5: 97.746071 | C5: 6
A6: Geneseo | B6: 60.62726 | C6: 2
A7: Batavia | B7: 85.831877 | C7: 5
A8: Brockport | B8: 57.83815 | C8: 1
A9: Rochester | B9: 125.81818 | C9: 7
A19: Morgantown, WV | C19: Population has hovered near 30k with very small year‑to‑year change after a mid‑2010s peak, indicating near‑zero recent growth
A20: Altoona, PA | C20: City‑proper population has been essentially flat to slightly declining in recent annual estimates, consistent with slow regional decline
A21: Erie, PA | C21: Erie is a mid‑sized city showing small negative annual change in recent estimates (slight decline overall)
A22: Zaneville, OH | C22: City‑proper counts sit in the mid‑20ks and have trended flat or slightly down since 2000, signaling long‑term stagnation
A23: Marion, OH | C23: Marion’s city population has edged down or held nearly flat in recent years, showing modest decline from earlier peaks
A24: Lima, OH | C24: Lima’s city‑proper population sits in the mid‑30ks with small negative annual growth in recent estimates
A25: Wheeling, WV | C25: Wheeling’s city population is in the mid‑20ks and has shown long‑term flat to slightly declining trends typical of older industrial river towns
